{"cameraMode":{"drawMode":0,"name":"Shaded","section":"Shading Mode"},"sceneLighting":true,"audioPlay":false,"sceneViewState":{"m_AlwaysRefresh":false,"showFog":true,"showSkybox":true,"showFlares":true,"showImageEffects":true,"showParticleSystems":true,"showVisualEffectGraphs":true,"m_FxEnabled":true},"in2DMode":false,"pivot":{"x":0.5322194695472717,"y":-0.7119390964508057,"z":1.6049995422363282},"rotation":{"x":0.19073665142059327,"y":0.029735229909420015,"z":-0.005782237276434898,"w":0.9811848402023315},"size":5.827786445617676,"orthographic":false}