{"cameraMode":{"drawMode":0,"name":"Shaded","section":"Shading Mode"},"sceneLighting":true,"audioPlay":false,"sceneViewState":{"m_AlwaysRefresh":false,"showFog":true,"showSkybox":true,"showFlares":true,"showImageEffects":true,"showParticleSystems":true,"showVisualEffectGraphs":true,"m_FxEnabled":true},"in2DMode":false,"pivot":{"x":8.159184455871582,"y":-4.793301105499268,"z":11.085772514343262},"rotation":{"x":0.24117977917194367,"y":0.26547402143478396,"z":-0.06877811253070831,"w":0.9309329986572266},"size":8.984514236450196,"orthographic":false}