{"cameraMode":{"drawMode":0,"name":"Shaded","section":"Shading Mode"},"sceneLighting":true,"audioPlay":false,"sceneViewState":{"m_AlwaysRefresh":false,"showFog":true,"showSkybox":true,"showFlares":true,"showImageEffects":true,"showParticleSystems":true,"showVisualEffectGraphs":true,"m_FxEnabled":true},"in2DMode":false,"pivot":{"x":-0.4218234121799469,"y":0.532105028629303,"z":-0.08292365074157715},"rotation":{"x":-0.12618643045425416,"y":0.12229754030704498,"z":-0.01567697711288929,"w":-0.9843288064002991},"size":2.289100408554077,"orthographic":false}