{"cameraMode":{"drawMode":0,"name":"Shaded","section":"Shading Mode"},"sceneLighting":true,"audioPlay":false,"sceneViewState":{"m_AlwaysRefresh":false,"showFog":true,"showSkybox":true,"showFlares":true,"showImageEffects":true,"showParticleSystems":true,"showVisualEffectGraphs":true,"m_FxEnabled":true},"in2DMode":false,"pivot":{"x":0.6986266374588013,"y":-9.95913314819336,"z":3.0392465591430666},"rotation":{"x":0.5166177153587341,"y":0.016672568395733835,"z":-0.010076906532049179,"w":0.8560147285461426},"size":12.607096672058106,"orthographic":false}