{"cameraMode":{"drawMode":0,"name":"Shaded","section":"Shading Mode"},"sceneLighting":true,"audioPlay":false,"sceneViewState":{"m_AlwaysRefresh":false,"showFog":true,"showSkybox":true,"showFlares":true,"showImageEffects":true,"showParticleSystems":true,"showVisualEffectGraphs":true,"m_FxEnabled":true},"in2DMode":false,"pivot":{"x":12.061970710754395,"y":-171.47793579101563,"z":155.64822387695313},"rotation":{"x":-0.4024111330509186,"y":-0.02525324933230877,"z":0.011102357879281044,"w":-0.9150623083114624},"size":136.90565490722657,"orthographic":false}