{"cameraMode":{"drawMode":0,"name":"Shaded","section":"Shading Mode"},"sceneLighting":true,"audioPlay":false,"sceneViewState":{"m_AlwaysRefresh":false,"showFog":true,"showSkybox":true,"showFlares":true,"showImageEffects":true,"showParticleSystems":true,"showVisualEffectGraphs":true,"m_FxEnabled":true},"in2DMode":false,"pivot":{"x":-3.378244400024414,"y":-34.22084045410156,"z":-47.10002136230469},"rotation":{"x":-0.00039069936610758305,"y":0.945460855960846,"z":-0.3257558345794678,"w":-0.0011337143369019032},"size":47.094722747802737,"orthographic":false}