{"cameraMode":{"drawMode":0,"name":"Shaded","section":"Shading Mode"},"sceneLighting":true,"audioPlay":false,"sceneViewState":{"m_AlwaysRefresh":false,"showFog":true,"showSkybox":true,"showFlares":true,"showImageEffects":true,"showParticleSystems":true,"showVisualEffectGraphs":true,"m_FxEnabled":true},"in2DMode":false,"pivot":{"x":0.5617435574531555,"y":0.3271903991699219,"z":0.2126302719116211},"rotation":{"x":0.31575435400009158,"y":-0.018504362553358079,"z":0.006162633653730154,"w":0.9486579298973084},"size":3.815753221511841,"orthographic":false}