{"cameraMode":{"drawMode":0,"name":"Shaded","section":"Shading Mode"},"sceneLighting":true,"audioPlay":false,"sceneViewState":{"m_AlwaysRefresh":false,"showFog":true,"showSkybox":true,"showFlares":true,"showImageEffects":true,"showParticleSystems":true,"showVisualEffectGraphs":true,"m_FxEnabled":true},"in2DMode":false,"pivot":{"x":-2.0332794189453127,"y":-23.628589630126954,"z":17.976573944091798},"rotation":{"x":0.38833871483802798,"y":0.0442035086452961,"z":-0.018651705235242845,"w":0.9202775955200195},"size":30.571447372436525,"orthographic":false}