{"cameraMode":{"drawMode":0,"name":"Shaded","section":"Shading Mode"},"sceneLighting":true,"audioPlay":false,"sceneViewState":{"m_AlwaysRefresh":false,"showFog":true,"showSkybox":true,"showFlares":true,"showImageEffects":true,"showParticleSystems":true,"showVisualEffectGraphs":true,"m_FxEnabled":true},"in2DMode":false,"pivot":{"x":-1.5240473747253419,"y":-16.921531677246095,"z":36.728328704833987},"rotation":{"x":0.21166068315505982,"y":-0.019061923027038575,"z":0.004128407686948776,"w":0.9771744012832642},"size":27.731266021728517,"orthographic":false}