{"cameraMode":{"drawMode":0,"name":"Shaded","section":"Shading Mode"},"sceneLighting":true,"audioPlay":false,"sceneViewState":{"m_AlwaysRefresh":false,"showFog":true,"showSkybox":true,"showFlares":true,"showImageEffects":true,"showParticleSystems":true,"showVisualEffectGraphs":true,"m_FxEnabled":true},"in2DMode":false,"pivot":{"x":-3.80655837059021,"y":0.6803970336914063,"z":7.857545852661133},"rotation":{"x":0.18067586421966554,"y":-0.03835204988718033,"z":0.007054355926811695,"w":0.9827923774719238},"size":11.495217323303223,"orthographic":false}