{"cameraMode":{"drawMode":0,"name":"Shaded","section":"Shading Mode"},"sceneLighting":true,"audioPlay":false,"sceneViewState":{"m_AlwaysRefresh":false,"showFog":true,"showSkybox":true,"showFlares":true,"showImageEffects":true,"showParticleSystems":true,"showVisualEffectGraphs":true,"m_FxEnabled":true},"in2DMode":false,"pivot":{"x":4.361945152282715,"y":11.313157081604004,"z":16.206192016601564},"rotation":{"x":0.31721755862236025,"y":-0.21508821845054627,"z":0.07411379367113114,"w":0.9206811189651489},"size":9.289806365966797,"orthographic":false}