{"cameraMode":{"drawMode":0,"name":"Shaded","section":"Shading Mode"},"sceneLighting":true,"audioPlay":false,"sceneViewState":{"m_AlwaysRefresh":false,"showFog":true,"showSkybox":true,"showFlares":true,"showImageEffects":true,"showParticleSystems":true,"showVisualEffectGraphs":true,"m_FxEnabled":true},"in2DMode":false,"pivot":{"x":-4.4207539558410648,"y":-13.689584732055664,"z":7.033416748046875},"rotation":{"x":-0.005387923214584589,"y":0.9302946329116821,"z":-0.366521418094635,"w":-0.013675542548298836},"size":27.963613510131837,"orthographic":false}